{
  "model": "HistGB",
  "selection_rule": "fallback: max CV F2 (nenhum modelo atingiu recall mínimo)",
  "threshold": 0.37999999999999995,
  "scenario": "A",
  "imbalance_strategy": "sample_weight=balanced",
  "metrics": {
    "threshold": 0.37999999999999995,
    "recall": 0.821813977389517,
    "f2": 0.4063057741531856,
    "f1": 0.2310658394964737,
    "precision": 0.1344317071376785,
    "accuracy": 0.3945033065491005,
    "roc_auc": 0.6779811663569032,
    "average_precision": 0.2871922356237563,
    "brier": 0.21413454303911938,
    "tp": 12794,
    "tn": 42685,
    "fp": 82377,
    "fn": 2774
  },
  "metrics_default_threshold": {
    "threshold": 0.5,
    "recall": 0.5001927029804728,
    "f2": 0.3896383323659508,
    "f1": 0.29262335124572547,
    "precision": 0.20680405800180593,
    "accuracy": 0.7322904074521794,
    "roc_auc": 0.6779811663569032,
    "average_precision": 0.2871922356237563,
    "brier": 0.21413454303911938,
    "tp": 7787,
    "tn": 95195,
    "fp": 29867,
    "fn": 7781
  },
  "bootstrap_ci_95": {
    "roc_auc": {
      "low": 0.6723411184398222,
      "high": 0.6821286405520065
    },
    "average_precision": {
      "low": 0.2797025732489803,
      "high": 0.29412425228993044
    },
    "precision": {
      "low": 0.13186510976806687,
      "high": 0.1367479152239908
    },
    "recall": {
      "low": 0.8151429132146887,
      "high": 0.8273842946463432
    },
    "f2": {
      "low": 0.4013446657684831,
      "high": 0.4113394920778214
    },
    "brier": {
      "low": 0.21350787198787569,
      "high": 0.21485258914289848
    }
  },
  "best_params": {
    "min_samples_leaf": 100,
    "max_leaf_nodes": 15,
    "max_iter": 150,
    "learning_rate": 0.1
  }
}