model,threshold,recall,f2,f1,precision,accuracy,roc_auc,average_precision,brier,tp,tn,fp,fn
HistGB_Balanced,0.5,0.509313977389517,0.3967396199225435,0.2979538921143115,0.21056964546540963,0.7343027803455877,0.6841982178483872,0.29382468453790905,0.21351654676395723,7929,95336,29726,7639
