model,threshold,recall,f2,f1,precision,accuracy,roc_auc,average_precision,brier,tp,tn,fp,fn
HistGB,0.5,0.5067442851057787,0.3614799509789027,0.25278441788401945,0.1683927434004105,0.6944028040293438,0.6534864475880303,0.2060113134043402,0.2264757521484366,7138,88750,35251,6948
