model,threshold,recall,f2,f1,precision,accuracy,roc_auc,average_precision,brier,tp,tn,fp,fn
HistGB,0.3999999999999999,0.813502768706517,0.38225718212508175,0.212937153900472,0.1225011224904321,0.38654616292627114,0.6534864475880303,0.2060113134043402,0.2264757521484366,11459,41918,82083,2627
