model,threshold,recall,f2,f1,precision,accuracy,roc_auc,average_precision
RandomForest,0.4099999999999999,0.8117934224049332,0.39971661173910567,0.2269287054577449,0.13190001565516882,0.3877053260328522,0.6656502691211922,0.2735149500023278
