model,threshold,recall,f2,f1,precision,accuracy,roc_auc,average_precision,brier,tp,tn,fp,fn
HistGB_Balanced,0.37999999999999995,0.835174717368962,0.4094344375865978,0.2320211285199329,0.1347245824180379,0.38795420607267295,0.6841982178483872,0.29382468453790905,0.21351654676395723,13002,41556,83506,2566
