model,threshold,recall,f2,f1,precision,accuracy,roc_auc,average_precision,brier,tp,tn,fp,fn
HistGB,0.5,0.5016328269203465,0.3567966067461119,0.2489693809238575,0.16557315587215296,0.6912815833496274,0.6498589577541652,0.20166859510488122,0.22726714270561912,7066,88391,35610,7020
