model,threshold,recall,f2,f1,precision,accuracy,roc_auc,average_precision,brier,tp,tn,fp,fn
RandomForest,0.5,0.019719938335046247,0.024495723222264777,0.038471177944862156,0.7831632653061225,0.8908767688259973,0.6735108944031591,0.2835388057121722,0.09092459016003501,307,124977,85,15261
