model,threshold,recall,f2,f1,precision,accuracy,roc_auc,average_precision
RandomForest,0.5,0.4888874614594039,0.38232014225865757,0.2881153824314349,0.2042399033946062,0.7325535092085614,0.6700943944855766,0.27924327962253015
