model,threshold,recall,f2,f1,precision,accuracy,roc_auc,average_precision
RandomForest,0.4099999999999999,0.8015159301130524,0.40228254561867305,0.2302511394460539,0.13443513111680924,0.40674109365000355,0.6700943944855766,0.27924327962253015
