model,threshold,recall,f2,f1,precision,accuracy,roc_auc,average_precision,brier,tp,tn,fp,fn
HistGB,0.3999999999999999,0.8093142126934545,0.38123265224224995,0.212573538323839,0.12235566860933123,0.38837834119069864,0.6498589577541652,0.20166859510488122,0.22726714270561912,11400,42230,81771,2686
