model,threshold,recall,f2,f1,precision,accuracy,roc_auc,average_precision,brier,tp,tn,fp,fn
RandomForest,0.06,0.9574768756423433,0.3914740286685261,0.20749030825659978,0.11635222580418543,0.19030790016354973,0.6735108944031591,0.2835388057121722,0.09092459016003501,14906,11857,113205,662
