model,threshold,recall,f2,f1,precision,accuracy,roc_auc,average_precision
RandomForest,0.5,0.49113566289825283,0.3805646253085928,0.2844917398422384,0.20024093861303163,0.7265163905283367,0.6656502691211922,0.2735149500023278
