model,threshold,recall,f2,f1,precision,accuracy,roc_auc,average_precision
LogReg,0.4099999999999999,0.9721223021582733,0.3841506751954513,0.2014160611142165,0.11234670546663895,0.14664011946241912,0.5664031932556108,0.1466738688154739
