model,threshold,recall,f2,f1,precision,accuracy,roc_auc,average_precision
LogReg,0.5,0.4880524152106886,0.3176447963611736,0.2084642293710131,0.1325378966281159,0.5897105880679798,0.5664031932556108,0.1466738688154739
