{
  "model": "HistGB",
  "selection_rule": "fallback: max CV F2 (nenhum modelo atingiu recall mínimo)",
  "threshold": 0.3999999999999999,
  "scenario": "B",
  "imbalance_strategy": "sample_weight=balanced",
  "metrics": {
    "threshold": 0.3999999999999999,
    "recall": 0.8093142126934545,
    "f2": 0.38123265224224995,
    "f1": 0.212573538323839,
    "precision": 0.12235566860933123,
    "accuracy": 0.38837834119069864,
    "roc_auc": 0.6498589577541652,
    "average_precision": 0.20166859510488122,
    "brier": 0.22726714270561912,
    "tp": 11400,
    "tn": 42230,
    "fp": 81771,
    "fn": 2686
  },
  "metrics_default_threshold": {
    "threshold": 0.5,
    "recall": 0.5016328269203465,
    "f2": 0.3567966067461119,
    "f1": 0.2489693809238575,
    "precision": 0.16557315587215296,
    "accuracy": 0.6912815833496274,
    "roc_auc": 0.6498589577541652,
    "average_precision": 0.20166859510488122,
    "brier": 0.22726714270561912,
    "tp": 7066,
    "tn": 88391,
    "fp": 35610,
    "fn": 7020
  },
  "bootstrap_ci_95": {
    "roc_auc": {
      "low": 0.6450433157739283,
      "high": 0.6548146733900929
    },
    "average_precision": {
      "low": 0.19572320095100423,
      "high": 0.2080296281232103
    },
    "precision": {
      "low": 0.11995179312759542,
      "high": 0.12426644019170391
    },
    "recall": {
      "low": 0.8019143729549534,
      "high": 0.815844383301405
    },
    "f2": {
      "low": 0.37625202656604995,
      "high": 0.38539480352740896
    },
    "brier": {
      "low": 0.22663467849647317,
      "high": 0.22793802878443817
    }
  },
  "best_params": {
    "min_samples_leaf": 100,
    "max_leaf_nodes": 15,
    "max_iter": 150,
    "learning_rate": 0.05,
    "l2_regularization": 0.1
  }
}