{
  "model": "RandomForest",
  "selection_rule": "fallback: max CV F2 (nenhum modelo atingiu recall mínimo)",
  "threshold": 0.06,
  "metrics": {
    "threshold": 0.06,
    "recall": 0.9574768756423433,
    "f2": 0.3914740286685261,
    "f1": 0.20749030825659978,
    "precision": 0.11635222580418543,
    "accuracy": 0.19030790016354973,
    "roc_auc": 0.6735108944031591,
    "average_precision": 0.2835388057121722,
    "brier": 0.09092459016003501,
    "tp": 14906,
    "tn": 11857,
    "fp": 113205,
    "fn": 662
  },
  "metrics_default_threshold": {
    "threshold": 0.5,
    "recall": 0.019719938335046247,
    "f2": 0.024495723222264777,
    "f1": 0.038471177944862156,
    "precision": 0.7831632653061225,
    "accuracy": 0.8908767688259973,
    "roc_auc": 0.6735108944031591,
    "average_precision": 0.2835388057121722,
    "brier": 0.09092459016003501,
    "tp": 307,
    "tn": 124977,
    "fp": 85,
    "fn": 15261
  },
  "bootstrap_ci_95": {
    "roc_auc": {
      "low": 0.6688015525351437,
      "high": 0.6777250561775172
    },
    "average_precision": {
      "low": 0.27476489388283515,
      "high": 0.2906974522372973
    },
    "precision": {
      "low": 0.11434386509533555,
      "high": 0.11804973562291701
    },
    "recall": {
      "low": 0.9544185563835988,
      "high": 0.9606650353670504
    },
    "f2": {
      "low": 0.3867979698341093,
      "high": 0.39535375461599764
    },
    "brier": {
      "low": 0.08963933387782673,
      "high": 0.09218819376382538
    }
  },
  "best_params": {
    "n_estimators": 250,
    "min_samples_leaf": 8,
    "max_depth": 8,
    "class_weight": "balanced"
  }
}