model,threshold,recall,f2,f1,precision,accuracy,roc_auc,average_precision,brier,tp,tn,fp,fn
HistGB,0.37999999999999995,0.821813977389517,0.4063057741531856,0.2310658394964737,0.1344317071376785,0.3945033065491005,0.6779811663569032,0.2871922356237563,0.21413454303911938,12794,42685,82377,2774
