model,threshold,recall,f2,f1,precision,accuracy,roc_auc,average_precision,brier,tp,tn,fp,fn
HistGB,0.5,0.5001927029804728,0.3896383323659508,0.29262335124572547,0.20680405800180593,0.7322904074521794,0.6779811663569032,0.2871922356237563,0.21413454303911938,7787,95195,29867,7781
