model,cv_recall_mean,cv_recall_std,cv_f2_mean,cv_f2_std,cv_f1_mean,cv_precision_mean,cv_roc_auc_mean,cv_average_precision_mean,cv_accuracy_mean,cv_accuracy_std,test_recall_default,test_f2_default,test_f1_default,test_precision_default,test_accuracy_default,test_roc_auc,test_average_precision,best_params
RandomForest,0.4978161030285513,0.003278284745290148,0.3859679551779854,0.0009700134782952811,0.2887149952773838,0.2033466055100286,0.6701990240848184,0.27546723957913977,0.7283918848812035,0.005611803952572813,0.49113566289825283,0.3805646253085928,0.2844917398422384,0.20024093861303163,0.7265163905283367,0.6656502691211922,0.2735149500023278,"{'n_estimators': 250, 'min_samples_leaf': 8, 'max_depth': 8, 'class_weight': 'balanced'}"
LogReg,0.47440344284934316,0.0006491114407748838,0.3782198270235764,0.0009759751958185614,0.2900212665774018,0.20885147635071108,0.6677139792188882,0.2726517195017179,0.7428589205195233,0.0014066521211354686,0.46621274409044194,0.3720296065446046,0.2855119782856693,0.20576061688495775,0.7416909620991253,0.6635133634560012,0.2709221104564556,"{'solver': 'saga', 'penalty': 'l2', 'C': np.float64(5.336699231206307)}"
HistGB,0.08966824035713139,0.0017565792041975073,0.10811574051240486,0.0020349003249044238,0.15637234139387146,0.6109003580632254,0.6807849197444394,0.28711142375721516,0.8928962522040967,0.000162321203294081,0.08812949640287769,0.10634175076345936,0.15411401291771973,0.613321412606169,0.8929033634359668,0.6777808499892584,0.285438148706625,"{'min_samples_leaf': 20, 'max_leaf_nodes': 15, 'max_iter': 350, 'learning_rate': 0.05}"
