model,cv_recall_mean,cv_recall_std,cv_f2_mean,cv_f2_std,cv_f1_mean,cv_precision_mean,cv_roc_auc_mean,cv_average_precision_mean,cv_accuracy_mean,cv_accuracy_std,test_recall_default,test_f2_default,test_f1_default,test_precision_default,test_accuracy_default,test_roc_auc,test_average_precision,best_params
RandomForest,0.4846163728040595,0.010750680283387524,0.3816618432033156,0.003012776111466609,0.2895444521225282,0.20655123416419205,0.6695495225491407,0.2769776835363527,0.7366440503615013,0.00835392991818295,0.4888874614594039,0.38232014225865757,0.2881153824314349,0.2042399033946062,0.7325535092085614,0.6700943944855766,0.27924327962253015,"{'n_estimators': 250, 'min_samples_leaf': 8, 'max_depth': 8, 'class_weight': 'balanced'}"
LogReg,0.4711115393262036,0.0019430923364622261,0.3766753552989286,0.00170723544816845,0.28960075329883844,0.20905755084351008,0.6662425342999291,0.27136026048115264,0.7441210978959396,0.0014718389838040426,0.46801130524152107,0.3746092464626522,0.2883032605254828,0.2083142726440988,0.7442082059304558,0.6669741705339228,0.27359455668342286,"{'solver': 'liblinear', 'penalty': 'l1', 'C': np.float64(5.336699231206307)}"
HistGB,0.08880110479493851,0.0005426580996472298,0.10712574223814643,0.000661546852295596,0.15514991809436526,0.6136380192158757,0.6816621393575534,0.2881933312522062,0.8929353626515035,0.0001531731783282326,0.09320400822199383,0.11231693346131219,0.16221352711011738,0.6248923341946597,0.8934224560904501,0.6838037079754382,0.29264472821100257,"{'min_samples_leaf': 100, 'max_leaf_nodes': 31, 'max_iter': 350, 'learning_rate': 0.08}"
