model,imbalance_strategy,selection_metric,min_recall_threshold,cv_recall_mean,cv_recall_std,cv_f2_mean,cv_f2_std,cv_f1_mean,cv_precision_mean,cv_roc_auc_mean,cv_average_precision_mean,cv_accuracy_mean,cv_accuracy_std,test_recall_default,test_f2_default,test_f1_default,test_precision_default,test_accuracy_default,test_roc_auc,test_average_precision,best_params
HistGB_Balanced,sample_weight=balanced,max_f2_subject_to_recall_floor,0.8,0.49584096091454016,0.0012880530963253634,0.5242850362965165,0.0012366615402011941,0.5736467748159026,0.6804193791637444,0.6793571837268281,0.7040294564592159,0.6314747733423188,0.0011479810297411943,0.5067446043165468,0.39664343821331965,0.299148702197448,0.21221250840618697,0.7371471236578255,0.6841482015465037,0.2941702286174248,"{'min_samples_leaf': 100, 'max_leaf_nodes': 15, 'max_iter': 150, 'learning_rate': 0.1}"
RandomForest,random_search(class_weight),max_f2_subject_to_recall_floor,0.8,0.4918746186209333,0.001466656226840152,0.3831504306279927,0.001223514553240229,0.2877459327622764,0.20335429554001302,0.6684381292803435,0.2730339991979204,0.7304238086908734,0.0008407286113899677,0.5046248715313464,0.390096630351663,0.29102224527218507,0.2044715129746753,0.7278176775936855,0.6733996060769891,0.2809160982874397,"{'n_estimators': 250, 'min_samples_leaf': 8, 'max_depth': 8, 'class_weight': 'balanced'}"
LogReg,class_weight=balanced,max_f2_subject_to_recall_floor,0.8,0.4714005845136012,0.002903625153944369,0.37569396226877494,0.0018558337375623442,0.2879905808251268,0.20732624216295661,0.6659813378153003,0.27057845305849465,0.7419576188816618,0.0002651338046091367,0.4795734840698869,0.3820684714190676,0.2927785729691575,0.21070753252617616,0.7435184526772382,0.6712819971099062,0.2794491256460073,"{'solver': 'saga', 'penalty': 'l2', 'C': np.float64(5.336699231206307)}"
HistGB,none,max_f2_subject_to_recall_floor,0.8,0.08742011112181648,0.003929930742135449,0.10546075392125348,0.004609034928176578,0.15274484250763165,0.6051234974838096,0.6793330877308019,0.2848293442821281,0.8926598165676204,0.00033765329946966596,0.09358941418293937,0.11284950817132677,0.16324015461318694,0.6381953569864214,0.8937851098627604,0.6850507513124467,0.296240277307431,"{'min_samples_leaf': 20, 'max_leaf_nodes': 15, 'max_iter': 350, 'learning_rate': 0.05}"
