model,cv_recall_mean,cv_recall_std,cv_f2_mean,cv_f2_std,cv_f1_mean,cv_precision_mean,cv_roc_auc_mean,cv_average_precision_mean,cv_accuracy_mean,cv_accuracy_std,test_recall_default,test_f2_default,test_f1_default,test_precision_default,test_accuracy_default,test_roc_auc,test_average_precision,best_params
LogReg,0.4899476507049491,0.0032949961855491625,0.3188422355070901,0.0011534404483916085,0.20923789789123745,0.1330252610275653,0.5667103178613134,0.14805090818304595,0.5900288004935373,0.0024719706879746894,0.4880524152106886,0.3176447963611736,0.2084642293710131,0.1325378966281159,0.5897105880679798,0.5664031932556108,0.1466738688154739,"{'solver': 'liblinear', 'penalty': 'l1', 'C': np.float64(0.01873817422860384)}"
RandomForest,0.461701512669814,0.007812641044928705,0.31250419075166375,0.003103976130624574,0.21049283691460616,0.13632898080963726,0.5718901730354179,0.14806480312222856,0.616602082584455,0.0042305960117422405,0.46062435765673176,0.311335909347458,0.20949153532668235,0.1355755960145955,0.615167460712508,0.5707079953810537,0.1467322904393509,"{'n_estimators': 250, 'min_samples_leaf': 8, 'max_depth': 8, 'class_weight': 'balanced'}"
HistGB,0.003484600314738093,0.000523798260278771,0.0043513068857098484,0.0006535650382319913,0.006940850185694968,0.8663275836650449,0.5924028704733574,0.16358789461871998,0.8896217022502871,6.68052590585718e-05,0.0022482014388489208,0.0028082675396366905,0.004483730463745837,0.7954545454545454,0.8894830406030008,0.5947093273596522,0.1632679094263613,"{'min_samples_leaf': 100, 'max_leaf_nodes': 63, 'max_iter': 150, 'learning_rate': 0.08}"
